<?xml version="1.0" encoding="ISO-8859-2"?>
<ciekawostki title="Ciekawostki">
	<kraje kraj="Chiny">
		<miasto miasto="Hong Kong" wies="nie">
			<liczbaL>
				<liczba mieszkancy="gestosc">7,451 miliona (2018)</liczba>
				<liczba mieszkancy="ilosc">Miejscami do 43k os./km²</liczba>
			</liczbaL>
			<nazwa jezyk="PL">chiński, angielski</nazwa>
			<nazwa jezyk="ORG">普通话, english</nazwa>
			<ckw tekst="opis">Hongkong to specjalny region administracyjny Chińskiej Republiki Ludowej. W latach 1842–1997 posiadłość brytyjska. Jedno z największych centrów finansowych i portów morskich świata, z rekordową liczbą wieżowców. W rankingach miast Hongkong jest najdroższym miejscem na świecie pod względem kosztów wynajmu nieruchomości (średnio 8315 £ miesięcznie). </ckw>
			<ckw>odwiedz ich stronke</ckw>
			<zdjecie url="1.jpg" />
		</miasto>
		<miasto miasto="Szanghaj" wies="nie">
			<liczbaL>
				<liczba mieszkancy="gestosc">24 237 800 (2018)</liczba>
				<liczba mieszkancy="ilosc">3823 os./km²</liczba>
			</liczbaL>
			<nazwa jezyk="PL">mandaryński</nazwa>
			<nazwa jezyk="ORG">普通话</nazwa>
			<ckw tekst="opis">Rozległe metro w Szanghaju jest niezbędne do pokrycia wielu dzielnic i umożliwieniu sprawnego transportu ludności. Najdłuższy system metra na świecie rozciąga się pod miastem Szanghaj z 644 kilometrami tuneli. Metro w Szanghaju posiada 393 stacje rozsiane po całym mieście i łączące główne atrakcje miasta.</ckw>
			<ckw>https://fajnepodroze.pl/informacje-ciekawostki-szanghaj</ckw>
			<zdjecie url="1.jpg" />
		</miasto>
	</kraje>
	<kraje kraj="Grecja">
		<miasto miasto="Chania" wies="nie">
			<liczbaL>
				<liczba mieszkancy="gestosc">53 910 (2018)</liczba>
				<liczba mieszkancy="ilosc">74,73 os./km² </liczba>
			</liczbaL>
			<nazwa jezyk="PL">grecki</nazwa>
			<nazwa jezyk="ORG">Ελληνικά</nazwa>
			<ckw tekst="opis">Chania, położona na północno-zachodnim wybrzeżu Krety, w malowniczej zatoce, jest jednym z najstarszych, ciągle zamieszkiwanych miast na świecie. Kiedyś mieściła się tu Kydonia, osada założona ok. 3000 r. p.n.e. przez Minojczyków. Jej ślady można podziwiać na wzgórzu Kasteli, w samym centrum Chanii. Kydonia zbudowała swój dobrobyt dzięki handlowi morskiemu, rybołówstwu oraz żyznym równinom dookoła niej.</ckw>
			<ckw>https://fajnepodroze.pl/ateny-ciekawostki</ckw>
			<zdjecie url="1.jpg" />
		</miasto>
		<miasto miasto="Ateny" wies="nie">
			<liczbaL>
				<liczba mieszkancy="gestosc">664 046 (2018)</liczba>
				<liczba mieszkancy="ilosc">17027 os./km²</liczba>
			</liczbaL>
			<nazwa jezyk="PL">grecki</nazwa>
			<nazwa jezyk="ORG">Ελληνικά</nazwa>
			<ckw tekst="opis">Jest to jedno z najstarszych miast na świecie: jego początki sięgają 3000 lat przed naszą erą. Ateny są dumne z tego, że zostały uznane za „kolebkę cywilizacji”, ponieważ były miejscem narodzin demokracji, filozofii zachodniej, gier olimpijskich, nauk politycznych, literatury zachodniej, głównych zasad matematycznych i teatru. Uważa się również, że miasto próbowało niemal każdej znanej do dziś formy władzy.</ckw>
			<ckw>https://zielonamapa.pl/europa/grecja/kreta</ckw>
			<zdjecie url="1.jpg" />			
		</miasto>
	</kraje>
</ciekawostki>