<?xml version='1.0' encoding='utf-8'?>
<ciekawostki>
	<informacje>
		<kraj>
			<miasto>
				<nazwa jezyk="polska">Hong Kong</nazwa>
				<nazwa jezyk="orginalna">中華人民共和國香港特別行政區</nazwa>
				<urzad jez_urz="pl">mandarynski</urzad>
				<urzad jez_urz="pl">angielski</urzad>
				<urzad jez_urz="org">普通话</urzad>
				<urzad jez_urz="org">英语</urzad>
				<zaludnienie>
					<gestosc_na_km2>6693</gestosc_na_km2>
					<ilosc>7 389 500</ilosc>
				</zaludnienie>
				<religia>Buddyzm</religia>
				<dni_sloneczne>234</dni_sloneczne>
				<zdjecie zdrodlo="hongkong.jpg"/>
				<link adres="https://pl.wikipedia.org/wiki/Hongkong">LINK</link>
				<PKB>23234</PKB>
				<turystyka>23434</turystyka>
				<rok_pobytu>2018</rok_pobytu>
			</miasto>
			<miasto>
				<nazwa jezyk="polska">Szanghaj</nazwa>
				<nazwa jezyk="orginalna">上海</nazwa>
				<urzad jez_urz="pl">mandarynski</urzad>
				<urzad jez_urz="org">普通话</urzad>
				<zaludnienie>
					<gestosc_na_km2>3823</gestosc_na_km2>
					<ilosc>24 237 800</ilosc>
				</zaludnienie>
				<religia>konfuncjanim</religia>
				<zdjecie zdrodlo="szanghaj.jpg"/>
				<link adres="https://breakplan.pl/cel-podrozy/miasto/szanghaj?r">LINK</link>			
			</miasto>
		</kraj>
		<kraj>
			<miasto>
				<nazwa jezyk="polska">Grecja</nazwa>
				<nazwa jezyk="orginalna">Ελλάδα</nazwa>
				<urzad jez_urz="pl">grecki</urzad>
				<urzad jez_urz="org">Ελληνικά</urzad>
				<zaludnienie>
					<gestosc_na_km2>81,75</gestosc_na_km2>
					<ilosc>10 768 000</ilosc>
				</zaludnienie>
				<religia>prawoslawie</religia>
				<zdjecie zdrodlo="grecja.jpg"/>
				<link adres="https://pl.wikipedia.org/wiki/Grecja">LINK</link>
			</miasto>
		</kraj>
		<kraj>
			<miasto>
				<nazwa jezyk="polska">Rosja</nazwa>
				<nazwa jezyk="orginalna">Россия</nazwa>
				<urzad jez_urz="pl">rosyjski</urzad>
				<urzad jez_urz="org">русский</urzad>
				<zaludnienie>
					<gestosc_na_km2>8,56<gestosc_na_km2>
					<ilosc>146 877 088</ilosc>
				</zaludnienie>
				<religia>prawoslawie</religia>
				<zdjecie zdrodlo="rosja.jpg"/>
				<link adres="https://pl.wikipedia.org/wiki/Rosja">LINK</link>
			</miasto>
		</kraj>
	</informacje>
</ciekawostki>